{
    "total_runtime": 1109.991439819336,
    "num_documents": 1,
    "input_load_time": 0,
    "workflows": {
        "create_base_text_units": {
            "overall": 0.3657095432281494,
            "0_orderby": 0.0049991607666015625,
            "1_zip": 0.005997180938720703,
            "2_aggregate_override": 0.008997917175292969,
            "3_chunk": 0.26859045028686523,
            "4_select": 0.006997823715209961,
            "5_unroll": 0.007998228073120117,
            "6_rename": 0.007996559143066406,
            "7_genid": 0.007997512817382812,
            "8_unzip": 0.008997201919555664,
            "9_copy": 0.007997274398803711,
            "10_filter": 0.025141239166259766
        },
        "create_base_extracted_entities": {
            "overall": 872.0661344528198,
            "0_entity_extract": 871.9971566200256,
            "1_merge_graphs": 0.059981584548950195
        },
        "create_summarized_entities": {
            "overall": 128.74944496154785,
            "0_summarize_descriptions": 128.73644948005676
        },
        "create_base_entity_graph": {
            "overall": 0.15594911575317383,
            "0_cluster_graph": 0.13095784187316895,
            "1_select": 0.01299595832824707
        },
        "create_final_entities": {
            "overall": 16.755958080291748,
            "0_unpack_graph": 0.0349888801574707,
            "1_rename": 0.01399540901184082,
            "2_select": 0.013995647430419922,
            "3_dedupe": 0.014995098114013672,
            "4_rename": 0.014995336532592773,
            "5_filter": 0.04022789001464844,
            "6_text_split": 0.034784555435180664,
            "7_drop": 0.01799321174621582,
            "8_merge": 0.14195513725280762,
            "9_text_embed": 16.347500562667847,
            "10_drop": 0.019994497299194336,
            "11_filter": 0.047983646392822266
        },
        "create_final_nodes": {
            "overall": 0.5258312225341797,
            "0_layout_graph": 0.12496066093444824,
            "1_unpack_graph": 0.04498481750488281,
            "2_unpack_graph": 0.08097410202026367,
            "3_drop": 0.024991989135742188,
            "4_filter": 0.05198311805725098,
            "5_select": 0.021993160247802734,
            "6_rename": 0.02199268341064453,
            "7_convert": 0.07697486877441406,
            "8_join": 0.0329899787902832,
            "9_rename": 0.023993492126464844
        },
        "create_final_communities": {
            "overall": 0.6283609867095947,
            "0_unpack_graph": 0.04598522186279297,
            "1_unpack_graph": 0.04698467254638672,
            "2_aggregate_override": 0.027991056442260742,
            "3_join": 0.03555154800415039,
            "4_join": 0.035989999771118164,
            "5_concat": 0.03198885917663574,
            "6_filter": 0.0679774284362793,
            "7_aggregate_override": 0.032989501953125,
            "8_join": 0.036988258361816406,
            "9_filter": 0.0639793872833252,
            "10_fill": 0.029990434646606445,
            "11_merge": 0.04298591613769531,
            "12_copy": 0.07297682762145996,
            "13_select": 0.030989885330200195
        },
        "join_text_units_to_entity_ids": {
            "overall": 0.14295220375061035,
            "0_select": 0.03398871421813965,
            "1_unroll": 0.03399038314819336,
            "2_aggregate_override": 0.03598666191101074
        },
        "create_final_relationships": {
            "overall": 0.5808136463165283,
            "0_unpack_graph": 0.055982112884521484,
            "1_filter": 0.07797503471374512,
            "2_rename": 0.053983449935913086,
            "3_filter": 0.16994500160217285,
            "4_drop": 0.03698849678039551,
            "5_compute_edge_combined_degree": 0.041985273361206055,
            "6_convert": 0.07397699356079102,
            "7_convert": 0.036988019943237305
        },
        "join_text_units_to_relationship_ids": {
            "overall": 0.19893598556518555,
            "0_select": 0.03898787498474121,
            "1_unroll": 0.038987159729003906,
            "2_aggregate_override": 0.042986154556274414,
            "3_select": 0.03998708724975586
        },
        "create_final_community_reports": {
            "overall": 84.45425581932068,
            "0_prepare_community_reports_nodes": 0.04698538780212402,
            "1_prepare_community_reports_edges": 0.04698467254638672,
            "2_restore_community_hierarchy": 0.04498553276062012,
            "3_prepare_community_reports": 0.09297037124633789,
            "4_create_community_reports": 84.13535904884338,
            "5_window": 0.04798436164855957
        },
        "create_final_text_units": {
            "overall": 0.4848439693450928,
            "0_select": 0.058980464935302734,
            "1_rename": 0.04398512840270996,
            "2_join": 0.05098462104797363,
            "3_join": 0.05398249626159668,
            "4_aggregate_override": 0.06097984313964844,
            "5_select": 0.15395116806030273
        },
        "create_base_documents": {
            "overall": 0.5848071575164795,
            "0_unroll": 0.04998421669006348,
            "1_select": 0.04798460006713867,
            "2_rename": 0.04798483848571777,
            "3_join": 0.05798053741455078,
            "4_aggregate_override": 0.05098438262939453,
            "5_join": 0.05598187446594238,
            "6_rename": 0.0639803409576416,
            "7_convert": 0.16394662857055664
        },
        "create_final_documents": {
            "overall": 0.1029670238494873,
            "0_rename": 0.05198335647583008
        }
    }
}